"Guid","AccountId","AssistantName","AssistantPhone","Birthdate","Department","Description","Email","EmailBouncedReason","Fax","FirstName","HomePhone","Jigsaw","LastName","LeadSource","MailingCity","MailingCountry","MailingGeocodeAccuracy","MailingLatitude","MailingLongitude","MailingPostalCode","MailingState","MailingStreet","MobilePhone","OtherCity","OtherCountry","OtherGeocodeAccuracy","OtherLatitude","OtherLongitude","OtherPhone","OtherPostalCode","OtherState","OtherStreet","Phone","ReportsToId","Salutation","Title"
0d2131ba-2662-426a-8589-123bf87b0d10,aa241aeb-ba25-4877-82d4-c93403293524,"#N/A","#N/A","#N/A","#N/A","#N/A","#N/A","#N/A","#N/A",Contact,"#N/A","#N/A",Last,"#N/A","#N/A","#N/A","#N/A","#N/A","#N/A","#N/A","#N/A","#N/A","#N/A","#N/A","#N/A","#N/A","#N/A","#N/A","#N/A","#N/A","#N/A","#N/A","#N/A","#N/A",Ms.,"#N/A"
20814cdd-eb2e-48bd-97fe-534d860c14e0,aa241aeb-ba25-4877-82d4-c93403293524,"#N/A","#N/A","#N/A","#N/A","#N/A","#N/A","#N/A","#N/A",Maria,"#N/A","#N/A",Ioana,"#N/A","#N/A","#N/A","#N/A","#N/A","#N/A","#N/A","#N/A","#N/A","#N/A","#N/A","#N/A","#N/A","#N/A","#N/A","#N/A","#N/A","#N/A","#N/A","#N/A","#N/A",Ms.,"#N/A"
2515aafc-83f5-46eb-9fb3-040928d55caf,fef6ed85-8a40-446d-a8d9-fec362d7a792,"#N/A","#N/A","#N/A","#N/A","#N/A",info@salesforce.com,"#N/A",(212) 555-5555,Howard,"#N/A","#N/A",Jones,"#N/A",New York,USA,"#N/A","#N/A","#N/A",31349,NY,10 Main Rd.,"#N/A","#N/A","#N/A","#N/A","#N/A","#N/A","#N/A","#N/A","#N/A","#N/A",(212) 555-5555,"#N/A","#N/A",Buyer
3378c815-52e4-4826-b55f-264dd6067f1b,fef6ed85-8a40-446d-a8d9-fec362d7a792,"#N/A","#N/A","#N/A","#N/A","#N/A",info@salesforce.com,"#N/A",(212) 555-5555,Leanne,"#N/A","#N/A",Tomlin,"#N/A",New York,USA,"#N/A","#N/A","#N/A",31349,NY,10 Main Rd.,"#N/A","#N/A","#N/A","#N/A","#N/A","#N/A","#N/A","#N/A","#N/A","#N/A",(212) 555-5555,"#N/A","#N/A",VP Customer Support
3cefa4d1-1a7a-4a4d-a846-e58da72c6d5a,79fed898-af10-445a-a588-b8666e9d748f,"#N/A","#N/A","#N/A","#N/A",Carole White is looking at moving forward with our products and will act as the champion for us.,info@salesforce.com,"#N/A","#N/A",Carole,"#N/A","#N/A",White,Employee Referral,Toronto,Canada,"#N/A","#N/A","#N/A",L4B 1Y3,Ontario,150 Chestnut Street,"#N/A","#N/A","#N/A","#N/A","#N/A","#N/A","#N/A","#N/A","#N/A","#N/A",(415) 555-1212,b5c7b4b1-c7e1-40b2-9918-290d45ac57b8,"#N/A",VP Sales
43b0f3a5-6969-4225-a6ec-b4acc163668d,67bb06ae-bdfb-45eb-8a76-f2b4e45ecaf6,"#N/A","#N/A","#N/A","#N/A","#N/A",prodly.tester@gmail.com,"#N/A","#N/A","#N/A","#N/A","#N/A",any1,"#N/A","#N/A","#N/A","#N/A","#N/A","#N/A","#N/A","#N/A","#N/A","#N/A","#N/A","#N/A","#N/A","#N/A","#N/A","#N/A","#N/A","#N/A","#N/A","#N/A","#N/A",Mr.,"#N/A"
61d013ec-1100-4d5f-b459-1c7420b87cbd,66a428ad-c930-463f-92f9-feaffd2ca696,"#N/A","#N/A","#N/A","#N/A","#N/A",prodly.tester@gmail.com,"#N/A","#N/A","#N/A","#N/A","#N/A",newE1,"#N/A","#N/A","#N/A","#N/A","#N/A","#N/A","#N/A","#N/A","#N/A","#N/A","#N/A","#N/A","#N/A","#N/A","#N/A","#N/A","#N/A","#N/A","#N/A",newE1,"#N/A",Mr.,"#N/A"
766def61-c2c9-47db-96ba-d9c44aec5836,e3461e67-d419-42d2-87d1-582dc9983699,"#N/A","#N/A","#N/A","#N/A","#N/A","#N/A","#N/A","#N/A",any,"#N/A","#N/A",2,"#N/A","#N/A","#N/A","#N/A","#N/A","#N/A","#N/A","#N/A","#N/A","#N/A","#N/A","#N/A","#N/A","#N/A","#N/A","#N/A","#N/A","#N/A","#N/A","#N/A","#N/A",Mr.,"#N/A"
b1fa90e1-165a-4ddc-a962-4a90d1cb1bd8,67bb06ae-bdfb-45eb-8a76-f2b4e45ecaf6,"#N/A","#N/A","#N/A","#N/A","Marc R. Benioff is chairman and CEO of salesforce.com. He founded the company in March 1999 with the idea to create an information utility that would make traditional enterprise software technology and business models obsolete. A veteran of 25 years in the software industry, he is now regarded as a pioneer of ""The End Of Software,"" demonstrating how on-demand applications can replace traditional software to deliver immediate benefit at reduced risk. In May 2003, Benioff was appointed by President George W. Bush as co-chair of the President's Information Technology Advisory Committee (PITAC), a bi-partisan organization of business leaders and academics charged to advise The President on how to maintain the United States' preeminent position in information technology.",info@salesforce.com,"#N/A",(415) 901-7040,Marc,"#N/A","#N/A",Benioff,"#N/A",San Francisco,USA,"#N/A","#N/A","#N/A",94105,CA,"The Landmark @ One Market, Suite 300","#N/A",San Francisco,USA,"#N/A","#N/A","#N/A","#N/A",94105,CA,"The Landmark @ One Market, Suite 300",(415) 901-7000,"#N/A",Mr.,Executive Officer
b5c7b4b1-c7e1-40b2-9918-290d45ac57b8,79fed898-af10-445a-a588-b8666e9d748f,"#N/A","#N/A","#N/A","#N/A","#N/A",info@salesforce.com,"#N/A","#N/A",Geoff,"#N/A","#N/A",Minor,"#N/A",Toronto,Canada,"#N/A","#N/A","#N/A",L4B 1Y3,Ontario,150 Chestnut Street,"#N/A",Toronto,Canada,"#N/A","#N/A","#N/A","#N/A",L4B 1Y3,Ontario,150 Chestnut Street,(415) 555-1212,"#N/A","#N/A",President
cdfa99db-3b89-4dcd-b1ef-7baef4c1183b,1547c809-303c-480d-b3e6-a706cee5bd64,"#N/A","#N/A","#N/A","#N/A","#N/A","#N/A","#N/A","#N/A",new ac,"#N/A","#N/A",3,"#N/A","#N/A","#N/A","#N/A","#N/A","#N/A","#N/A","#N/A","#N/A","#N/A","#N/A","#N/A","#N/A","#N/A","#N/A","#N/A","#N/A","#N/A","#N/A","#N/A","#N/A",Mr.,"#N/A"
d0231032-c993-4d97-ae52-18cfd9cebbf8,e3461e67-d419-42d2-87d1-582dc9983699,"#N/A","#N/A","#N/A","#N/A","#N/A","#N/A","#N/A","#N/A",new,"#N/A","#N/A",4,"#N/A","#N/A","#N/A","#N/A","#N/A","#N/A","#N/A","#N/A","#N/A","#N/A","#N/A","#N/A","#N/A","#N/A","#N/A","#N/A","#N/A","#N/A","#N/A","#N/A","#N/A",Mr.,"#N/A"
f5e67c10-ddff-4f58-b08f-ab8a0883f0e3,fef6ed85-8a40-446d-a8d9-fec362d7a792,"#N/A","#N/A","#N/A","#N/A","#N/A",info@salesforce.com,"#N/A",(212) 555-5555,Edward,"#N/A","#N/A",Stamos,"#N/A",New York City,USA,"#N/A","#N/A","#N/A",31349,NY,10 Main Rd.,"#N/A",New York City,USA,"#N/A","#N/A","#N/A","#N/A",31349,NY,10 Main Rd.,(212) 555-5555,"#N/A","#N/A",President and CEO
f8065305-2962-4931-b762-d7743ffd480b,79fed898-af10-445a-a588-b8666e9d748f,"#N/A","#N/A","#N/A","#N/A","#N/A",info@salesforce.com,"#N/A",(555) 555-1212,Jon,"#N/A","#N/A",Amos,"#N/A",Toronto,Canada,"#N/A","#N/A","#N/A",L4B 1Y3,Ontario,150 Chestnut Street,"#N/A","#N/A","#N/A","#N/A","#N/A","#N/A","#N/A","#N/A","#N/A","#N/A",(905) 555-1212,3cefa4d1-1a7a-4a4d-a846-e58da72c6d5a,"#N/A",Sales Manager
fe05f96e-ebfb-4c2d-9310-510ba48f4a38,66a428ad-c930-463f-92f9-feaffd2ca696,"#N/A","#N/A","#N/A","#N/A","#N/A","#N/A","#N/A","#N/A",New Kid,"#N/A","#N/A",New3,"#N/A","#N/A","#N/A","#N/A","#N/A","#N/A","#N/A","#N/A","#N/A","#N/A","#N/A","#N/A","#N/A","#N/A","#N/A","#N/A","#N/A","#N/A","#N/A",123,"#N/A",Mr.,"#N/A"
